{"cameraMode":{"drawMode":0,"name":"Shaded","section":"Shading Mode"},"sceneLighting":false,"audioPlay":false,"sceneViewState":{"m_AlwaysRefresh":false,"showFog":true,"showSkybox":false,"showFlares":true,"showImageEffects":true,"showParticleSystems":true,"showVisualEffectGraphs":true,"m_FxEnabled":true},"in2DMode":false,"pivot":{"x":2.8837547302246095,"y":0.7445352077484131,"z":9.079968452453614},"rotation":{"x":-0.010065240785479546,"y":0.8562272191047669,"z":-0.016697879880666734,"w":-0.5163697004318237},"size":1.3860183954238892,"orthographic":false}